{
  "name": "Sheesh60",
  "vendorId": "0x4B45",
  "productId": "0x6099",
  "lighting": "none",
  "matrix": { "rows": 5, "cols": 15 },
  "layouts": {
    "keymap": 
    [
      [
        {
          "y": 1.15,
          "x": 0.5
        },
        "0,0"
      ],
      [
        {
          "y": -0.95,
          "x": 3.75
        },
        "0,3",
        {
          "x": 8.4
        },
        "0,12"
      ],
      [
        {
          "y": -0.9500000000000002,
          "x": 1.75
        },
        "0,1",
        "0,2",
        {
          "x": 10.4
        },
        "0,13",
        {
          "w": 2
        },
        "0,14"
      ],
      [
        {
          "y": -0.10000000000000009,
          "x": 0.25
        },
        "1,0"
      ],
      [
        {
          "y": -0.9499999999999997,
          "x": 13
        },
        "1,11"
      ],
      [
        {
          "y": -0.9500000000000002,
          "x": 1.5,
          "w": 1.5
        },
        "1,1",
        "1,2",
        {
          "x": 10
        },
        "1,12",
        "1,13",
        {
          "w": 1.5
        },
        "1,14"
      ],
      [
        {
          "y": -0.10000000000000009
        },
        "2,0"
      ],
      [
        {
          "y": -0.9000000000000004,
          "x": 1.25,
          "w": 1.75
        },
        "2,1",
        "2,2",
        {
          "x": 9.4
        },
        "2,11",
        "2,12",
        {
          "w": 2.25
        },
        "2,13"
      ],
      [
        {
          "x": 1,
          "w": 2.25
        },
        "3,0",
        "3,1",
        {
          "x": 8.85
        },
        "3,10",
        "3,11",
        "3,12",
        {
          "w": 1.75
        },
        "3,13"
      ],
      [
        {
          "x": 1,
          "w": 1.25
        },
        "4,0",
        {
          "w": 1.25
        },
        "4,1",
        {
          "x": 10.6
        },
        "4,11",
        {
          "x": 1.0000000000000018
        },
        "4,13"
      ],
      [
        {
          "ry": 0.25,
          "y": 5,
          "x": 15.1
        },
        "4,12"
      ],
      [
        {
          "r": 12,
          "ry": 0,
          "y": 0.25,
          "x": 5.1
        },
        "0,4",
        "0,5",
        "0,6",
        "0,7"
      ],
      [
        {
          "x": 4.6
        },
        "1,3",
        "1,4",
        "1,5",
        "1,6"
      ],
      [
        {
          "x": 4.85
        },
        "2,3",
        "2,4",
        "2,5",
        "2,6"
      ],
      [
        {
          "x": 5.3
        },
        "3,2",
        "3,3",
        "3,4",
        "3,5"
      ],
      [
        {
          "x": 7.05,
          "w": 2.25
        },
        "4,4"
      ],
      [
        {
          "ry": 0.25,
          "y": 4,
          "x": 5.75,
          "w": 1.25
        },
        "4,2"
      ],
      [
        {
          "r": -12,
          "ry": 0,
          "y": 3.85,
          "x": 8.45
        },
        "0,8",
        "0,9",
        "0,10",
        "0,11"
      ],
      [
        {
          "x": 8.05
        },
        "1,7",
        "1,8",
        "1,9",
        "1,10"
      ],
      [
        {
          "x": 8.2
        },
        "2,7",
        "2,8",
        "2,9",
        "2,10"
      ],
      [
        {
          "x": 7.75
        },
        "3,6",
        "3,7",
        "3,8",
        "3,9"
      ],
      [
        {
          "x": 7.75,
          "w": 2.75
        },
        "4,5"
      ],
      [
        {
          "ry": 0.25,
          "y": 7.7,
          "x": 10.55,
          "w": 1.25
        },
        "4,9"
      ]
    ]
  }
}